user_address,provided_liquidity_amount
0xe009A8DC43F4Be935f18A997689b431723d109a8,5625.651768672731301
0xb0D202791ba6ef2e5e2AAD9dFA7b0Bbc542AB095,3821.3543727512601622
0xFf88531C3EfC13d662A131Fb188d6a1DC8f72378,2568.5847721397414706
0x9eC8E8F64EC6bB47d944B4b830130B5fCf2Da182,2449.8896605437065899
0xc5E259fbc68D9014B23c17F25bd2A5C763A08264,1482.8860140611893478
0xb2ceb04874FcE4cEfd38C751C8ed7b88D2185c4d,1115.8467680755314042
0xC4AA614b06310805d6dFd4393402cCb844a4223c,961.4488603471745126
0xdb97aa9B0C07254Ef9E017641f5da271E5C31f35,782.8896494640380619
0xb8A7dE41a8D28952a4d253F22C4786C6Cd65122F,605.2545553331834538
0x89Ba504E163f7429cBCa7bC4F85BCc32AdAa110B,601.6730349786239425
0x0EB4ADD4bA497357546DA7F5D12D39587cA24606,434.3304080116967597
0xa788C59880F31d6a9c3511A8064286682b01756b,345.1182872955408856
0xa6b6fB6a424f4d107fbdd6F3BCA610B568cCB2EA,307.638761613021145
0xfe568f98dF64e7B49050FfE810D9f78952bb4f92,306.4869743536795408
0x83a0Cb9A0bbAAB77d9Fce6857B2D7925B66bD5Ed,295.838734025448921
0x40c2541FF113Df5D865C9c7c9a4a2170ca926620,269.13879188
0xBc87E6A5b4a454B05f6BDf4BB05586b9149C2aA7,257.0053349847805183
0x347c5D1CE235F341065390039921621D70639d55,254.618974813152496
0x190E7C0403a5DD4bD21d426D88b76b1d513D39B1,252.4191820597628743
0x96a3ba33255a96634E98D108cc111DDC87376d7a,247.7804759335247304
0x729Ea64B1393eD633C069aF04b45e1212905b4A9,247.0564886925484062
0xa9562e29f82abd50f1da6068fAfcc3b5025E522E,246.5500175478631131
0x8A16718aCa875d59e348B4D276cC5ECBEDe68B22,244.4714987306624046
0x38e65E030B9B7aCf5Fe9072272516C04cC8a8560,227.4851411776661159
0xAFa6F70D5d47f7E339B6F33478aAB32646eb09cB,196.4118039761996704
0xe7275240C52FC4316277547655C73C10529D345a,191.2381295653249646
0xF388623C892785F7f9539CC86611529D8480EA49,187.008521225812661
0xE243436E3d7e070e8E5110E997b11d0c9525896f,185.8024299335162463
0x9F24dE85F8A687BDe08756EC64E2B74f198Ca9bA,156.2961085521722064
0x59128ea834e424698Bc45f12c60BeABaB7e51747,155.9235458297473445
0x6325246e88510D64DBdF10ca77095F06C5cA8735,149.1862876420250885
0xe67e43b831A541c5Fa40DE52aB0aFbE311514E64,146.3431982867261338
0xB1dB096De2A713DBb6950Dff2EaFB76521881863,124.8744120060243744
0x687672ef80be21e5938abc4Ad3B423687773AF0a,121.5148056768260965
0x74f91d657A5E2Dd1F8Bf446180Be84dA3A8c4Fb3,120.6183418640517041
0x20aa2e39a83225c5d5b16675BE3c542bf7951004,120.2968540144795459
0x166B6770f7513ee4BE7a88f7C8d250E5E8BCbfAF,118.6409919974279056
0x3e900021b5CAd91350F082405d24a395A2C0c76F,118.4056309723790001
0xc58891BE60Cd6218FDBAB29C6B09b3810978A9b6,114.3460203145989938
0x81aA42257c3eB994e3b2617e08a98cA9dAC3E490,113.5594735544872527
0xbf49b14a9936d1a6245A43c33BBB50f8648643a0,108.917763571927036
0x8eaFC7959f0ad0724460c0ed72622cc6762dE485,101.8225425687528717
0x8d69A355117c12A74A15d58Bfb1303E6C110d518,100.58606142
0x94566fAe2898502c46ee70970a0869F9565eAeF4,100.0077612819077574
0x8b992C5C31B86cc3a4993eED51fae9ccA0eb3527,98.6286388973982675
0x8d19fb15a0deA5AD84Cd1BAF8890fd3109081b24,98.2758233521806369
0x92cfdcEEb276a6Bc2f13B6907CD8E6aC245dD0FE,97.842653162392093
0xd040bAEb020692D62A0ec7811Fb6BE9B96f9844e,97.5252965371165352
0x9538E4935E3426e57000b8091fcC0C4DB305B256,97.0778690192821633
0x5789A38a3FAcfaa86ED950e88D79a9A2F6140052,91.1427509241317518
0xfA2e1Fb7aDB9e78596ad5aF2885F53B645b6C019,88.7412873732431655
0x88E57C01BeBA95b51006dF6dE835FDec38D370af,87.984570167630568
0xba0C9F2D2C7A376Ae8b066576f3615Dc1a4b1ab3,83.8903827490920095
0xA3953352BeAb67861e5a7ffF47f36611A1fF5335,81.934725741462937
0x95A64C8F0340fB22722142BA5430A20Fcbea4A8f,80.0033487646967369
0x4F34b189dC7859E33cC210C4fe5A52d6fF2C033c,76.3314801266172785
0x6924d83Ba3cd169E1BCbaE05a13D45C98bbfe3a3,75.011488438111626
0xE7a2B4CBEE97A6f3B26b72dA19a07603B9C9fdC5,74.4258681001054559
0xC5Fcf3E1c433F6340E8B6f81025EcC5f76Cec080,64.6592274691259251
0x72C85976d9920615aAa1887D987330d9cAf7295f,62.394967203224198
0x99E6B634217f861fc17Eb52E58c3fc1A554310ca,59.6673036005780221
0x658D777dADC32b2385655913dAcCcF70E687cCf8,59.3254101230974698
0x4085e9Fb679dD2f60C2E64afe9533107Fa1c18F2,55.0156943935616586
0x25df977E61D7a382A7c2c178815760755d750FBa,54.5552486979598935
0x2b5cc85313A115D5fA38d5E549B6aeca7669Ec7D,53.3511407935790792
0x266E40Cc011197D224a49b7085A994f43Dc4F808,50.88026164630503
0x178255e4B37492240A4b4D198Adb1ffEd6d71E16,50.5839832435737063
0x677AcC5a6E63EB12bFf0353e5d4BE7437e983662,50.5788532368850276
0xe3bdaa9fFC03f8AA3F51168c5205E445ab216F15,50.4885850526045287
0x3B5f808D796be6EC00dC63638465Bfc36Bd60D90,50.3472175869405594
0xFCAf5b8babB4864a446671f9b88CB73BAB169BdA,49.9203401544562275
0x5876f3B3DEdA7c3A2F992386471823E26b87fF8F,49.8259752883215258
0xC1ba9285ACBae7dC403153F9E5c2B4108AB5ACdc,49.5931861266107839
0xfD6231A29661100e9F7E68d37730b040E24caD28,49.5459495239760779
0x6C01ec9622e50799d62ca076F2e2aa34DC840D5B,49.5397558484979001
0x5c9d09716404556646B0B4567Cb4621C18581f94,49.5397558484979001
0x0Aa350FB487F75d4f5d6ED920A5ae0923ded06E1,49.5284749248234637
0x9554A1Cf07a20616778821Db521bAaCaa79a6631,49.328809454039034
0x95B18b7721eE14714ab9d50f21fD8027D9b96432,49.2733763011891256
0xB1e46BFdBf636D00238E3E765Da45F6098B8d4F9,49.2733763011891256
0x094b57E48ac689C542eD8732D35641ff733237f7,49.252704699274639
0x5f27ff119Ebd1578B3466eaee5Fb70ad9514c164,48.9977932108741318
0x6dc7718962eFFddF37b7262Fe27234E3FAF3A8e6,48.8643910379852962
0x3283b407df806543Cb321Ad9Cb363ECCb33067d5,48.4255850938105258
0x66A8Cdd1d92D1e344463580c27d2Db019ac003Bc,48.4249461101080207
0x88512CfC901ADB8E17a143310700d6C4BF036F6a,46.8281978611036796
0x6355255DA118B3B7B3Fb80bA2E345C71dDe22A56,45.6847560676223056
0x19E408A49d9f5b6CcCA8Bb1B80129f4561027875,45.408592471524392
0xe24759dFF56214433a78ddfcC68aF10f58C8c17B,44.0483986809263897
0x94384b9D832862243f8ED52658de1f42B8e172b4,39.6083571098719709
0xd6B09a68dEF89329dd82b4605a7234641FA41113,39.6072146876327011
0x9c766c2afc9C9Db4371885aEE8027eab262A1F0d,39.0973083777411095
0xBd1B3513Bb0Ce1529242Cfb28926618809592362,37.503145555078024
0x2C6EFf3cCd4dD62DD857944087B6BCdD69ec2018,36.71896708111505
0x699990A8e7ada9E92C932D6e8fb365024fC74b43,36.5181524554292192
0x1D991eb990040F79557A3aBc3B899F81c5bdB19F,36.4825292534444125
0x951b7c7d65636DA3971eCa0eb119ecd26230B5dD,34.8748117649984107
0xC7EF24CeD7F766bc5f502BcD3bf20c81eb2fB644,34.6710236189145404
0x10534D4e612071E6B6480C498dd8BDB8f51b9ed7,34.13637631
0x91b4ADe96e8d0eEfdf2a57cef161D13DC633E0d7,33.2202705296652129
0x108cAbA6aB68eA4b177618eFcDdc4c06e52122BF,32.7370390479297974
0x336d4aFD4c1e0B82a2Bb38859C234c54eDF0a983,32.58182751
0x2e7F4121D3b6FA85BC59aF13d2308EdF05aC3966,32.3498402605635934
0x432FCd67815D5cC72808A7815a02373FDEE7d740,31.9603716741687224
0xF07A7E8302cDe616f233fCa4fF8aC3701D58faae,31.8762002100850904
0xf87F7704aCDdA6B02d3f7d16bbF62cb42330fCD5,30.0476241047173792
0x9B6131eAE892dE5C96DDD3Af52c74359Cb99596e,29.7273279865015027
0xE8E61Db7918bD88E5ff764Ad5393e87D7AaEf9aD,29.6574664708397181
0xf098e7F0e2e2c5F45B90824a78BE884aE8102C30,29.5972900067056475
0x0079CE80043EDc3325598e4A3b6293ab779bf174,28.3926627800916265
0x353a527997F845293A25A2ef0920C0Dd22e1F511,27.611143110917436
0x3084e2D8cbdff6bBafC8365c3690e89AA32271fB,27.4627366668816714
0x34E10Be3bB361376e89c548f9eDE2832000a8BC8,27.32712392
0xEdb46071e2519472022995f9dE4d24c4CfDde002,27.2204548273350598
0xb75CAAcc1d36f81726237E356aD0C62526591844,26.5946695866191227
0x562BF1B67Dc40d9b7C3ddd49E45aE58e61E1B76E,26.3418594338881277
0x5369CC705E8356085eEC5fA48bfeA9D91F8e5d5D,26.2525566146956163
0x8c16C8FE98a50B515cF8268090bcB8886B241908,26.1804424476151906
0xFF389e55ee4dD64D82B2b6FefEF3F7aA63B218fD,25.7721373042792923
0x73A651063F7E3169624c05d76F728D489a97dCD4,25.7699124224260147
0x4d883824258f7253101f266a23207DCb2Dd45768,25.7523049197598268
0x0952ecc0080Ed9A0cBD5839a3CC6758b85C3a835,25.7037280102754934
0x2BB7Ce5f7750E6e21445243Effd48200cBb63E49,25.6948790164308588
0x7D75D895241813B6283f92EBA762a50eAF3244f0,25.3580849613391573
0xEDc05702ccd99f28834491f4e11b2ee81D6d889c,25.1593379904206826
0xa275179da5C9C5F87C7497CBe3b70AaF2878a421,25.1152977343373977
0xf17441352d36a537c36dB7782B7f08651fbBD86F,24.9300976384047443
0x893B91352f717f8d0a633A4C9BA5D190B86ccA43,24.7962749407048356
0x3cEB1C50cB01A304b8544cb9B13E427D08b288c7,24.4865245621826651
0xc014Af9fAD3C2A594bc47012262F6864921de5B5,24.1945033417811527
0x71fACC1A6489f97FA9ce5Dba51a546e0cd1eE92E,23.8666172108149927
0x1E7436d46184c748565A36130970222f298DbDB7,23.7183589840917673
0xdaef4F083631fEBaC8A7628E173ED1a77761bCBb,23.5501944647227215
0x16e341883cc8B9233cf3F55d3c808C9E82ea9eBB,22.9937887204627413
0xF67184055e31748f3445C5A78B2650Dc513Bc029,22.2688993868780635
0x088f33F44C2DAf3C084918eECB1E8058E79DD1bC,22.0141468480802991
0x2A6Be69cd729288006f831737D5032f15626d52c,21.7485042379860503
0xBFE99Ce9D2A2f3680fe22F1a38FA2Efd5F955D4b,21.0998951817397947
0x1A90C9dA4c3e3DD7eadA67D6a09C4828417D4aCa,20.8329616647291458
0x47439eE571A136fc3D38a394ebfeDC966f8d491d,20.7557522349042122
0xFa63E6A53c6C93A0c8Dd4fE57ebe088EC4aEaBbD,20.6810165828806628
0xdd62d76d44c520EA82fe7E503994354e59672180,20.5777003823860394
0x96789ACD511c1be8EA6D958C147759292E6bC099,20.5059768291059022
0x24E9FB39C5F69a9DFC6558A3Df26468731Cd76C1,19.8393058914374075
0xC15B2336797a5A7F3110453598462FbaF4205AB6,19.8177575704682894
0xeC32D8B0bcd1d1cA134767F9f8a5871c8D373475,19.7877694114801389
0xc7c1bBA80eb8d6822FD7f733631DBDD03FFE4B60,19.7342752185686876
0x1236e900B3164ABe9e2E4096FeA9FE5559320847,19.6711707230538541
0x797CcC1E88dD635c1df3f953602D34F94C684951,19.6199465301855827
0x2AE829024B799046152e39FA6BB45A38B3D8b130,19.6160294477828873
0xd91ceE8353074a35895c9Cb78833c90Abd3e8665,19.4963148146039264
0x342aA41f52261D354d5AA71bfbCf30a17Fbc05ad,19.2247392882637412
0x1A79E2ac1f4F79d85afca3f91b88a84CDF443Fc6,19.0618698514706156
0x24D768d1fFadea536f293354553d360c7E16a8E0,18.9985730245454032
0xeE98BaE37E148CFA9657aE410a530D31530758a7,17.9274598276623169
0xAF842Ccb244C41B6e6FE5DF1D96d5CbC679E52D7,17.9174653703406633
0xFB643E874D12314d02f5949D95a9dd9F87A4a86C,17.7608476967118189
0xB47a3f0b0ac397ae420e7CDA42EF22b0FFff3A26,17.5204674967020917
0x5d5Cf7048Ad860Fca823950184bc2a68DbB4f9C9,17.4049729658634405
0x71541A65789E5760704DF98Ad2C6a4ca8a71C80e,17.1675332871022957
0x9b4c436F40e7fbae7bAD8B7547A2E8652c71B6c5,17.0965091227302251
0x67E8a61859fC7AEcD5660B962F0b49fCa7FA0e89,16.3591777253355097
0xeE7164C2A20CA710433E6e9c68B33C6549fd91d7,15.6958227715202734
0xa42cf12859dD2Bf5832C1A8D7dA1B27b0F2c795d,15.57488265361724
0x478bb542f7658d635ABBA67edB987806DFF5b83d,15.3316955274247151
0xb19367DcbC2b0561c1f9cAf4E40F083bd64e1b2c,15.03001253
0xaee2Ae13EBf81d38df5a9Ed7013E80EA3f72e39b,14.9942224118745688
0xD8CCcbb18125DAE44f75b07F844E16b692E812F2,14.9189201830985226
0x3deA93138a1A73500C4A773037b893D9A04Ad0E7,14.7342607790856637
0xA583A3B17c8C36C902A441ddE105499661a7e908,14.7194774744927041
0x19527a176a9634ef8b83e25bC0FDD90533E0A966,14.6842602874324264
0xCcd2B26Bc1bDB18eBFFF2988761B6B8410B47104,14.6835124866814792
0xd7fB451a7EB452c6679552c636f2b242426CAe7A,14.4595132889031196
0xd886Cb4Ce818566F2e7932F32fC16BfE7005acC7,13.8584568987123675
0x24af0150B7A7Cb2e934f1C6531c751E08863ee9E,13.804200258060048
0x176F4c285A6a05504A46eE861843511574471654,13.6693828383270098
0x68cDa07cbCAC03FfdC90b17c75d1e4d94D4394A3,13.3511255713997074
0x5a4Db3F86C8eeF6030418598188E29CEa86025d1,13.3081740625812754
0x43951C6bd7396F7EAd4c4f6958fa9ef6d8f57300,13.1654117320426052
0x1eC3Bc15D4F6c435948F7007d640CF208F34762F,13.029736554765598
0x53F5BF4e9F9FC8eBD715876454B82d148Eb24a4A,13.00360359
0x14267bCBAD45C65A4c803469841844Aafc4C0E9F,12.8711538986832965
0xCa40E883BF3d614E5e0971d2C3c68eca9F22aBcE,12.8486166386885711
0x33F5200377b345630Bd99E7bD9c746E46266Fc6A,12.7063377848431602
0x14484Be0F09838e614e13dA949c67604deF5fD4e,12.5906521243907367
0x48805B820837F9dCa575e92Aa662A1cdF589ee8b,12.3242252927133296
0x65D94166e9a29CE5D7C57E5E1ff8Ff3B671Aa5bA,12.029759927937925
0x124a140C07b0E18c338cA68be7572296A801Db5d,11.8198246707123095
0xD028BaBBdC15949aAA35587f95F9E96c7d49417D,11.8067828865251919
0x361d4Da8936c19100cc7643FAefbad2632F7e321,11.6952352708853854
0x8214E4Ab4Fd9212b7e14d97cC0bbA6B9F4C37FEB,11.6070524436384149
0xd507D4Af71088BAfbf2eA0CdB6962694F850DE01,11.5454351286149615
0x45988c3d7A4Ba9B93A0FeF23476ad689Df7Eddb0,11.4077330957148739
0xdbD62b8115f0C4065cE4eEB77d9296cB7bFC3913,11.0977710082550046
0x0C111c473bD87Bf696791119a27808538A122Bf6,11.0545696277009654
0xA74EB9340F4C25cD27dfA0e99cE70aCe3A8CC9d3,11.0204195191391958
0x53ea7752746BC0F38b34C085E46194b2C8487BF5,10.891188437857221
0x239e4EC9f4ee28884B727F93AB3feA188E681053,10.8721972258378652
0x755c72635644dA821FE915118dEFC2ACD8b87Cd8,10.8530477605736278
0xCb202dF396B295c3B716988CE67d91afc17Ec689,10.8399277749142708
0xA04320b5371Af4D44a7249B468cEd73cE9A08538,10.8384949057387673
0x2759321Df4C0f0475c41BBf9d17891bd42E32C3c,10.7551627118790988
0xa1d0B3B360595A82dbAAC1667535579bC568F8DD,10.60642015
0x2d413cc037773F5234C2D270F25d01d5DF993A5E,10.3310493056097478
0x14636bcEd44f474BC78733beef874384f8770115,10.3056317121135752
0x46a4E8a1F64a9D2aE94d6E16a50106Ece6ED92c7,10.1543723233688055
0x8308244C8E5b70E3f237E699551C3648a8F798f4,10.0373054644715434
0x12670A2Cf547C47f3C8Cf9cAD5AEf114555B9be7,10.0259859872016448
0x09c0e7D6C97b942a06361Bed21a1f4224d7988F5,9.9818385815796953
0xA9f6764a61E43689F79a5d033a8E09fcB90FCd28,9.9525283568281813
0x7994fC4A94dD012d9D5dE7d4894cFbC5a62A8d3f,9.9187398471951192
0x50F12c8A1b104e86EA6c1da79Fb5e1e46F088D5c,9.879539658838395
0x2D52F7BaE61912f7217351443eA8a226996a3Def,9.8682080754309653
0x031543014965F071bc5283D4f74AAF615F15D510,9.8626581268835021
0x0989B6552398c658ce762B8E6Df24F5036284b68,9.860728868238343
0xb503C35D4D7f5C73bAC02e2b446085993c502eD9,9.8601430414714628
0x8B065A3e6a1816b6B7eA2E76F109C4490a26F482,9.8594858070175673
0x276FFb8af57DA846480F14fCdAf3912CDDC5b07f,9.8583570397285898
0x18622F74F06927CACA436B146c9D24DA57A514F5,9.8066478592571495
0xEf52f55116BADd0B2f00af07421F6d57Bbb98F22,9.7525211923034997
0xEE4aa56D4D6eFB7b560037b288765d9c1ac0396d,9.750692077240147
0xFE4B04ADe5478F3B649614221CDCc43EE31fA27e,9.7443778340424145
0x3D2B5723F2C0ce9A9CA3e6d122eB8f6a9272dBa8,9.6925572117616244
0x0d68cF3fe032449B6E01DA8DA2862393E9170D30,9.663766225323842
0xe1f91955016fe6a240dE834Addd26c33a8b2250f,9.5222959713212041
0xdeA3c06EEe614bF84e74d505173822236c8Ad135,9.3261359459610302
0x7c1C3C0D538736128E1EC9De82E4DA9e7dc94A75,9.3060724541770813
0x9Ab30e5206df3f80B670187D7788eB1De2a1DbeF,9.066131323300169
0xAc8C73e499f337E9b5d4F6055B1fB20F1d588191,9.0521511477282348
0x9c5e477a7AceB09EFA683f1a8147b97938445D83,9.0438074399557722
0xF4875Ec545c17819a277E3E002aA45A139354819,9.0092333195104335
0x05426906d7564DB9e9267FDdfeD28d844E81940A,8.9741548257416458
0x077BF58a877fc2bBe08A0aDd271b092400cdd453,8.9717334552866467
0xb38307818d1357Db41B33Cc8340D3AD9ED0C35Ce,8.9261080423843706
0x9B365Dc77FD0a7B43fbeEEAf8DFaBD5Bf3CfCF8E,8.9112380254477883
0xee66AB3B98e9BA86D8cFCDB653EF55b741E9C230,8.9014274001842303
0x77B4c9590c486B0b8D32D526A7dEB7C6364bD9BB,8.8839720323742415
0x83f7Bb017b0Ce378dBfbDcB8aeB38173021d9c74,8.8765040531206955
0x32bd15ab5031Ae10CF434Cb4C962630466F36175,8.8536639206796153
0x945728797887fDEbc2d2Df277B5b506A43d6435D,8.6491357879119271
0x140BaE15B336482BACc5C56742CA8FFA87e75AfE,8.4804214657675808
0xaC58Aa71114E895AC395cdD0E3391d3eCFFB6fbc,8.420605685575526
0x40Db8365d1252bcb06598927698238a99D39228E,8.3832489328259238
0xd0BEa4159cf6466472Eb1271908358943328112e,8.3622863225972422
0x7ce5215a0831952B1d0587eE40DF1BF360e0a554,8.341644948327938
0x10C38452B23C94f9528Ce3527bd0a73D845d0cE9,8.2792389168095534
0x5241aa99a776866296D1d695C02bB2E31B3Ff998,8.232139581752825
0xf9Ebb27f0d246a63AC7F42C56b980a1241Ae130B,8.1412108159406672
0x5edF9E83a4755E20413fdaCf3f5309F945cfBc92,8.0638077931418309
0x9729334ADD4fE99D116E689Ba11EC34e6C214A72,8.0300994789315063
0xd7A12814E14c99bbdbBB11f3E274a46eeB68881d,7.94276550215165
0x7770C101f146D479F85466E5BA3c16a131d08AB5,7.8955580174288271
0x28e5d92148aA12b0fCcd268ff643bE86Bbb5265e,7.8920092110812092
0x87Da53dFA4c54e6ebF667866Bbca4d7D91685eF8,7.8904204124146687
0x6a98342BC52B17398C2e500B46178F6E9Cf49488,7.7641086387497359
0xE02720bA5e8c81932E986AA8cd95f016E6f4E13C,7.7230729553880832
0xd56EE5Ba5A52e15f309108BDd6247C69B4F624C2,7.710326105810491
0x36A0E8C63E14223492Ff5687B0Db557427b58108,7.509683625634069
0x1005e511f3430117aE6a538d48Bd2409401ad6a0,7.4892625483507277
0x970B206F3bFb86f06581BBEC04DD2e703266fE84,7.4378706841988029
0xcF2d6767181BA8930c127A00d655196393845b86,7.2787033611696026
0xc4Ed448E7D7bdD954e943954459017BE63584F69,7.2749587861204242
0xB339abB14a995F8d7B271637d11F564243Bd1A92,7.13625565
0x48812165fda89043126Bd3Dd4BdBc1C8316d4550,7.0877306881802589
0x9760f469e5D62CA69444B775e561EFDa2bb7Fd5b,7.063400647994383
0x4eBBbFF7E4FB62CD751c9402d10a67Fd763eF825,7.0309952147986759
0x322051ED76f24782640FED50Fe5C9C3b345B3019,7.0015167052689578
0x23baEeC99c8C9BE9496FD6006a5dA6dfA0705e03,6.95398109872405
0x83587dfc8Cdafb76aB892a939cD329ACeb751b1d,6.9498350651089447
0x2a742Ea8818CACcD365f8891C97E58d520371C2C,6.9225218372035525
0xcfb863210Cb4e071ebAF9E79A943b890Cd8561a6,6.9200755098626009
0x1bDd774E92980646Bf46c4F21ddade4eF90085Fa,6.9152178469505993
0xf452E738E496BF08d8F96A875Da712dFbCA7Af36,6.9083572321215512
0x0284b0aC275F843397d1Dba9A012652D1A29EeB6,6.8147203877682398
0x27B0FC6C4A5a0Cf213a570097279a5bde61214d2,6.7635986079694421
0x35668F1096708A2ce1bAB8bEcdEFceb502aD1D19,6.6869620187751433
0x5f198fe05A0dCABc31490e02836F7265CAa9a060,6.6325894291999342
0xA9Ca054A929c25D4cA8812DFcd9f53446FFE98A3,6.6061986558231879
0x5685a9419a2dbE6390Fd9BB267a6460B5160Aa31,6.5747044281147922
0x2D90eA46080DeEE922A0D0994330e3da68F62C24,6.5072606326315944
0x8e5aca0D1104AB1a1F423dB05BD254E837078Da4,6.4958375832336137
0x8Aad7D59B8a03F46d8368Af2EdC3e4578d676863,6.4548903255214724
0xF53c20708E9Dbc2fb6798Cd8A6F78DA4df4d6F78,6.4237818028699611
0x2977ae3C14499D2b35B6282eC56E5967BD223860,6.420695219930802
0x5A0E1813cf575216f07e0384f646f564476Ee7B1,6.3892777745833662
0x2e868585B53122E187A64f29fDc37Cbc4e8a4163,6.367138640108467
0x0edEFA91e99da1eDDD1372c1743A63B1595fC413,6.293917609586499
0x0CaE615650cff36b4D6cBD6e52dB6F3A969285fa,6.2349298337149345
0x6A0971DAC647194301ba0A15C64F60DbcAEb76fE,6.2250331196931647
0x2d69B00CBEd94c8E0330FC8Bf44F8b4b7bc0F8B9,6.2126134145344273
0xF84Bfa23C2ab766c47056011b26E2D12ade5C754,6.1254909556491577
0x182615ED623edfaA9b2B9cccF9284194Ccef0f0d,6.1249759157506318
0x2867e95B56f22442D43750132538D1aB4A0435D5,6.0807323254251433
0xf7fe08b81Cf8121e7d79D2D4D56F8b37537B4B20,6.0795153987366841
0xC20197945F73309a6C520b0De411e14c15d4bb43,5.9892358999566492
0xf3196B09648f0Ff56F31f52601Bf37AaEF6f875F,5.9837989702477543
0x871DBc800563f03bC58a88f699a6b28B7d33BFB7,5.9498031862782953
0x2B1b4D9b1d43365fc7460243c81664487d0D940D,5.9490224902908489
0x9aF906c01f75154dd3402dfa441C7a4251C3201F,5.9320134922361114
0xB0ad64FBB0694c22cfB6E95374DF0e70bc9713a3,5.9319479717558003
0x8cD3Bb4FbfDfEE013AF5AC9C46F0C22746b095af,5.9278188980884038
0x5216F5495046699864FA15A4E8924E9822E90105,5.9274714062393323
0x7fDF77E88CbE0815fe6c8F32Cc2C24D81678BD07,5.9273295831005137
0x6C4E5CE0fF38415125E725F7f1C8c8a16fE569e7,5.9247894091239
0xac61b7D3a5D9805EC7Ee0F32ce0bacB3C34f8AA3,5.9161020737717577
0xc0f718BDb5B7A522d5f2d9d68A957a362a4F1528,5.9145897117636634
0x9faccc6E984c47d2E6ac9bBba6C65f3c65a2952F,5.8891403977943767
0x5b63124006840060898F47A21eB82c019289eAB5,5.8756913438308283
0xd35C25aeD356844572BbBfC02B2cc7D760541CD3,5.8642054237858461
0xd206d50564b39c1128eD39Ea900C30328a4A284F,5.8568464295682655
0xeaC8D3821598B6Bd9675695fc878Ad6e0Ef92F57,5.8540744345300558
0x87C474a9Eb269899E20946A28A9ae4138eB1caD5,5.8522307960173636
0x1BAf386465ff1feAEC967df2b3E2B6af223dc7a2,5.8458164121898718
0x1598432d904E073cd17A17420227Ad2A078a26eb,5.8418877734503742
0xc2163626675Ee9162CD68AAdBcc28D797F3966aF,5.8408915488295375
0x1EEB4AC12a8F599Efde7685b5F19B0062d519592,5.8353423199281484
0x9D21A578f27841aE9DFe35C003DaA5Ab56cb97c4,5.8262525151801108
0x62e01ccb9e8ab241F5DeC40E9704DF64c0e65414,5.8231596277872693
0xCF0090600715C3f6EebaEC6D58941163Efe63E1A,5.7899513248153918
0x163D873baD5047154B2e6cdA4Fa13c8D03a171e2,5.7503224567465567
0xd769c6ABabF1c6e61846F2eca967AB29bfa727c0,5.6291947168870898
0x31d80Dc16008359b5a0d163CA3F6E46942ac6AEe,5.6174426295922608
0xeeD2640Cd042f3770E2e3Fab44dE8Aeb42af24BD,5.6075472876062425
0xb39D077A580d3d318C80fc3FFe23732683a575Ca,5.5868720870647416
0x48952e56D5C72735F1816969f9bc014CC8b18433,5.5709658744487078
0x6b8db3f109dccf7Cd536c36137E8bC6860dFaE9a,5.5653195543015284
0x6dB8729A311BA4465340E1a5436193DBd6dd92a4,5.5549977833562135
0x672824e59Ccf5eE82ddF0E9F2404dC95F47Be9a2,5.5235553672747004
0x8870C3a7144fA301CD260311AfB7f2319B19CD57,5.5228229180194769
0x9436a9Cae24d4f6aD52A90F2A4A71C2B8DE15e74,5.4569618348517414
0x032156C88a70552c6489fA7D9b911A3a31D1c061,5.4495904619934378
0xBb92672d2a718Add81545aC41aB3a6Ac39AE4d7d,5.4192053239715859
0xe6f38Bf6330211e81Db0a13B303C4a660c637888,5.4184914555793671
0x1747aA6eA55b397DcCd3536f665bF7E90De4D031,5.3798643342672876
0xb33d01dD954888Ae2FdA24403e64b2e1daD84DFF,5.3748011344587402
0xcE07e91615425C0EBbcfd002371C16a3e595D358,5.3629526868817126
0x5573c71aB414986A9bea18e8B6096cFd54934f78,5.3625176011776989
0x9F66D71DEc03999891c037A244032072927D645c,5.3554345689578041
0x7554F0dfde278f2Fc61a0b398FA989BCEb3a7b56,5.3266749198081792
0xCD9363827d24b0A8C5B3F308E195a1F06C61CdDa,5.2981941292085242
0xE6E9F19eB9Ab7AC412917c4E3E2268C7ecA524fe,5.2965401039652395
0x89A3339913d609310185EFa8e2F2665817c66137,5.2880696913355931
0x58ae877003DEeb39c3d8dC73626Ad2f7f48C70ba,5.2540439652889894
0x1397424D3A8D1954AF113764EB003999441A2C44,5.2367105490133599
0x0F71cA78EFa7bc202EcB5d2BB10125F41c7a1911,5.2244477522168762
0x5605acf8398d1dAdcda8beC8aECaBD08729bCd95,5.1779228985012648
0xc51B69974D372fF89640A1e56Dd9cAbcB1C27027,5.1744152638866028
0xeC0F9C2cd0D619c83887eC099125651B8a3a3b05,5.1707142586163822
0x3120CceFA01654b5c6e34bA33b2a323398dba216,5.1640263890314637
0x04379CFfC95575CFF92a5884863A26600c0F3ddb,5.1571016300045769
0x6254a3E2B5eD23b363C93EdCcafC0AF6C1f8fCEF,5.1544632661793179
0xd8999DC10C491A955f7ECB2f435B613955307193,5.143209889441161
0xaC8798324DbDd3bea4D26904Ec95B928E38D59f4,5.130067657257624
0x3B82DB62940fFb4d42fafcdD7b4CbEF36334976b,5.127069736909789
0xed4E15A701D845f7e76C93B2A8AF13CDAB86c0a2,5.118417413147345
0x266BBF6c4E8aad54A224cF1fb259F91D412dF504,5.1141130567017758
0xA5CB591bb7fdCF70E91d8dfaA719be3e33bdD560,5.1120297573283105
0x7744bFe2bc783aB0a4826eF7686353c9f2Fec45E,5.1
0x6249B213cECBE60f9faa45044B07CFCcd567ad4e,5.0999237996921338
0xC0Df9333f5e1F26f530d2Cd9891CcC2aC4d735b2,5.0985424883512176
0xB9F831F19f94f09709cF75C757E5BD7A9a812819,5.0805735
0xcc3400Bb46923285eF8E4D932c5F876164ecF166,5.0759335722924967
0xe071d6057502E410bbac5516264dAc188BB0e150,5.0759335722924967
0xf495AcD8CB989e20113f1db3531Ed2205e997DF8,5.0759335722924967
0x3a64583aaC8a7A0faCbcD1C380C738662367bE8A,5.0759335722924967
0xd330b174777Abd7e1Fd369d3B2180E0b2097c835,5.0759335722924967
0x83945625E5E1cFC32963eA31904CcbB6fAD00AD8,5.0752515525632969
0x871Dc785e23A87438C6eB277baccAFB34Fc1A859,5.0738047883539448
0xE462A0089e60d498b937ff75a19254F3e9d922D6,5.0720528805906094
0xBc9AbD9857250D664F5D8963115f21a46156b862,5.0699576951037756
0x0769e9A5AAD136aCECF185C097925101A9beD388,5.06573029
0x2106f698F94715AeB73B524696b54A6A5d784e7b,5.0611033366486792
0x17B64570484AAe779d718E727e21A1B05b975Da3,5.0606291766018395
0x8B845fb3b030e238C845b95Ce96F0016bD37D6F9,5.0597251986595196
0x8669D2a4A5C5Ef2c1cB3a0F44C527F9ad73e5d00,5.0584270378911596
0xE5476721db576AD7541389325a03747A8786Aeff,5.0581031906646162
0xb881cB3F75968b1C5D4df3c71575d9fA3416B814,5.05566558447238
0xf84975C731E88bd46c7017887b66C8e62efCe9A3,5.0512736859036529
0xB52f5bC40e10D433f2660226d64d90C9b8A5317b,5.0500000086511031
0x6A6166d395Fe11c71936e5Ebf56E723862DD845E,5.05
0x83b2877643008a1fEE86D65bFCE5f9615C9d9d2c,5.05
0x081374C43e115293Fc13dA30D42110AD5b9608Af,5.05
0xd7414F87bc40B24489583B8B513c57391602F36a,5.0495064870880977
0x5B6ac085d82017e6d0B42E8D06eea646a79A9276,5.0489450676004579
0x6E9fdf23c29e5Fa1a49fDfD7C8Be3c9F2e99eAf4,5.0463966147953394
0x793491fe4A7b25EEE0065e484A52C7A0dfd8C0d9,5.0463487167826288
0x0FbCad871dF293d23502E79A38d804e847cdc304,5.0460252822359587
0x98B153b5460010564851fdb401fC26843ae74097,5.0427083200935161
0x206830d8A814652edF6e56bdb3c533930d6C953d,5.0421056460014919
0x44451c8417203cf5ae83053d4f855Cd1700D05f5,5.0410216258324632
0xa194E07D6e640e7f0b97E1CCF43CbFA78b574F62,5.0396532447327284
0xb9CfABC279D474F680d59F10a1Cf5c176aA5C83D,5.0381336404533951
0xFA88f285dA98D46E96C988a71452d0bba3441Fa5,5.035390652906235
0x2f2B7B085B056c9345cd3950AcCCaEEb57Db4f78,5.0326067724924676
0x39B946e35b3DC215455cc95b446eDd8368928d10,5.0315393011399601
0x07911832fcf06Cf678c2d4A5C80ED29d92ddBc4e,5.0311558720642709
0x7d891d7CCF3d246353ec03734B8c166F4Cd8f785,5.0311558720642709
0xcbE2560c51597154E01A6Fc1F529746a89Db0B76,5.0311558720642709
0xc5ac20cFCac10454F41506Dd9293e8Ab29AaEceE,5.0311558720642709
0xeffaeE41a516Ff29c645E596ceF088c7430073f8,5.0311558720642709
0x11775F5CaBDb6b6bB4E997c6DdF509e155abE7BA,5.0309103710614014
0x24a3f822C48085Ce8a0dc3f1a969639E93F3405a,5.0309095886084886
0xE44e31f68597Ff5A2771b3c32CfA7BB8B211dF95,5.0307568867245493
0xDBEcd62eEe284D1929Fb2ca5E2bD9709Db4b66Df,5.0306085877084106
0xf9832b7bc039878E5665F70F0C01FcB2d999ECAd,5.02897837
0x370603Fc4C1A6d100b0EdAeae29468ae2c23F927,5.0288964550961079
0x75e9ebb531cb0c09Ba972f66C23525c8B2926FEc,5.0276225841693989
0x01484d31eD350DC8B52A40a6215C3bBb88DBE0AB,5.025784695642071
0xf3Ab6f5ccBb9C46e6ba6602cea91a4851Df4Fe29,5.025784695642071
0x67c273F6BDa97824D5f245233eE4E38BB3Bb45A2,5.025784695642071
0x435Cbd7c0096E3c50A922eEE93a098335D288698,5.025784695642071
0xd477D50EC8FeBEA75AE7C77E1E779Ba89B27b55F,5.024427044947479
0x0316196C7d2bc1354723D3FbF445F783D8FebE53,5.0230730828857907
0xade10D07CF3700cbdf828A1138bf42dC02b3C92e,5.0124028209890108
0x06Cacea44227d431FFC18859aE0Bb8fA838ed0dc,5.0120167864050613
0x2b0D69e10874bE8D5a79CE6aaF88B2e5C551B6db,5.006288361289965
0xBBF25e628Af85bDB661d3164Ba4E42979dF4868F,5.0062620350738769
0xd74eeC932A78233D03Ff03DED4205d05e6f592ec,5.0026412813240047
0x39367cE3A0ad2bdE87BdaF932Aaa76f6bDc1C25e,5.0019976895445801
0x462EE468bf3F71296AB03688A0F138810e00E4b5,5
0x971dC454d50704224C23a304F6FED9C538B4B855,5
0x82B42d2416017A380081b7d90aaf2FA9c4e434d9,5
0xb0868F8c14d15335E5D5a8Ddf5d61937DFaFC864,4.9949278864662378
0x07Ecc4E90151E7Cf11FFf6d88895EF769093267e,4.9825089771851754
0x1e9F174896aa9c00a1D520Cb06F5B1493FDA7D4a,4.9641529365491873
0x53db4C00e71C77717386Eb07aCd02bC05c39058B,4.9532974621032506
0xaA56eFF3E705ad3E1eE1e1F8C2331e84965971F0,4.9492631269781554
0xf73c779F6e45190c8BB5a206023EBf915F65b5F0,4.9483485091276458
0x2FD199f36A228784605FC8F84CC469af0744320b,4.9471829779237323
0x2E14758c1D9f8E54B31ad36c79De871Ceb0A9B19,4.943080056916987
0x1dC24e9601e40013a12CB9976a519860c4eDF359,4.9427617676375328
0x2D882a5e88Af9EbA20Ef63E66A11c1EBaFF9F949,4.9424102881688561
0x20D3a5f7Aea254dC331CB18413948EFE37c1F4ef,4.9357396707642942
0x04c1c15a1554891fb2dD7C4939e7d95d06eE253F,4.9336735827824514
0x0076904d0aa624e6eEbcEf9C1638C3d27E778b37,4.9335997410135521
0x4aD64F5e21327976D2FA1Df820905b64D9ef1c27,4.9322650696680406
0xb0C42683B3774e8F62816c648F09AaE685bb57Ec,4.9311927153521113
0x6e3ac74A42E32f040eE42AE4945Dba584fa59359,4.9300715207357314
0xc9311cA68704a95bDAAF070043a2229D041A3b6c,4.9298870916593215
0x34F522F2BCEc0352e8e2a697D775eaa33d178cad,4.9053148141759399
0x7202a94A53e4DC11079cEA84883be270557A497d,4.8861959806336015
0xf8A9Ec4d9223b420AAb0B7de3f2dDeFF16fF9b6d,4.8674096240246146
0x05adAdE3DabA0D599d3d04D99Bd551b6A52C5806,4.8572749967647891
0x2a470486794144B06eEd31bBd4FeE499bF5AB0Cc,4.8424479610711849
0x303BF1d98A440949E212A6cF1327DeBc4C607933,4.7940949847452098
0x3712b752b7C079543F78728F7BD2ae90718981F7,4.7334197444071827
0xbC6Afa33a9021eF96fFBD61197A201f6e543a08d,4.7170605296617046
0x358d5318Cd2f277a20f29835bA1D5DAe79A18C1f,4.71487750831708
0xca8b38454AD494A0C9b1372D0306173c61ed4dF6,4.64072643
0xfa4B55F4748edf1310e84393bc31af4259a32bcC,4.6344717029220529
0xa36d1989A2b9fdC49E6B8A697e52474ACa0EcE4C,4.6184228953086599
0x752059AbA23f00C8b574E91024d4cA62dbfFe3A0,4.5828252763028691
0x721d35140dc03372e6A1b5b1389Bf1bcff88bba9,4.5229328435875308
0xAe6969f39D5ab43Bd1aB5781016AcAd242067815,4.5177955377191453
0x6B5a5fc64637B0B4eD4b76AAEd26EFE872923A40,4.4647869557877884
0xd4766f463046eA77EDb7a582661BAC6e81fE1435,4.4644315381006605
0xc3c539b5f6D3255E30140c59Cc754B30c0AB2BD1,4.4579677158929255
0xB0A9e12bc9F2aA99e6f88Bdb5AA38E469B2bbEB4,4.4390385627012366
0x00d94bB4A892e2C845c2067F9e335bd41Fd058e7,4.4346178651051447
0x4C48EAacAa48a2b71abA415aCeC4a3A9B355777f,4.4201121222829455
0x6D48fAa1102a055904E6CDAA4913786B19ace3fa,4.3780454542395165
0x59F2bb7C78Bb27f50f374854dfB3992d67191ACd,4.3209619340683746
0xD4aC70516fB3531dc59DEC659205334CC25Fa5b8,4.3054557541069428
0xCb5dD655EA0C6A07878433e756B2871DBDf45a64,4.3036655547631681
0x180fa79E1598Dd7Cc58bFf03d03BFb01b8A76cFF,4.2425612227726174
0x83627981E4D7e38c18FEaD98a6e88b3f80D1D5EF,4.1985774814588917
0x5948d087A086AbEe29b435020A13949126f8aA0d,4.0895169865934185
0xB384aE67152A122f23B5D96495Fa03F0b7F349Bc,4.081659463314912
0x6177d0aA61ce683253C05103588E434B471EeeC4,4.0809961664531469
0x1B084bD41484a34418bcDD601e5D0086928E415f,4.0559283796246133
0x9E763661Bb6F587E171778fA6932D1aFf10A5DBD,3.9998080049849346
0xcAC605c6394A5b7AC48d3F2198CEaDfc94E8cDFE,3.99357171
0xE4151e3cB7D0a3E575F2f9F5f2Ec0CE0Dcffb85b,3.991275891700184
0x40423Cc99e9ECEf9455c845dcB883f16dbc3dB08,3.9563691503200427
0x7D1589685F02502e628E60394D21AAF835EE25EE,3.9546997332475969
0xd6A0C184Cc4275429061b529357336868C6BbD5D,3.946568579323365
0xC908D265EAc2dC5dD5B6280b3B8C305952363a44,3.9455571280873003
0x8334F995Bd958be805eFc5D0633Fbb565a554B09,3.9442593442917622
0xc1bEfA5b84cEbae9efA9197d1D5317eEd6366D66,3.9351229210103517
0x62262C17c47AeD2662fcdC9c1cF376979201c18f,3.9237450190493472
0x31468523E226b9212E12688B7BFf7d8B6D3b94bf,3.9231625153472061
0x850f8746f4f44773011B1fAbca8324B37899894B,3.9072576993119963
0x017154d1f2C228765c494DA30C018fa48a09e1aD,3.9036266101866816
0x1B48f8F3a062980399271deda4B90ADdf0D23871,3.8883519770751077
0x5c4a07FaF7168e7C9fd4bF60B060036792492E71,3.7821165547058633
0xe987767226b681939d07749ed192870f9101A1d1,3.7672946601506097
0x1B1a1C0F753a1fDe0605c8306cd2d556b24eDF75,3.729250809761869
0xf9BE8Af9F649113a10529526e4c4dbe0f1F90289,3.7264572801367071
0xA17456c07FaD4B1764345af62f4Fa26B3102B00A,3.6653867793501124
0xe0b2B871AFf7aEE5411b68d8333BB4A103c84525,3.6518169785903021
0x279E02bA657BC0ef1e2b97266F55F8d08666B5a8,3.6332713663357661
0x6f8eeCf0057770275026e1b0B901eC0fc294A0b7,3.626060811252853
0x28aC01eBF289292783cFAAD9Bbf2c7fE2666dfBd,3.6115624983053299
0x7AfFDA8E8E9c27495cef92e3843E7A1BBE0B6b13,3.5094330979167079
0x1d756E6910c5db24f73D33cEa53612d0bE24C7ed,3.5
0xec347AFc705233e8e421DE6228a3146dd56aa1ae,3.4851594316997153
0x7Fe25dcde87dA8bf3c1A90F7293D52C1fdbc8bE1,3.4712879818660057
0x1F2199f657B6594e975B26bA88F4269f865e5F79,3.4600294534450766
0x268070d5EEd5b24E34a5F4C17B5482178b18089D,3.4484608262068743
0xc639D69168365CC56E203C59db1Cc9016cEbec4b,3.4327672009288053
0xf976b6eA77c5b318020b7dA191caAe3aBD396626,3.3928260108390582
0x825cA3F105D8a1A0ABeE408487D3A83282c205E5,3.3233282081328965
0xfF924E659b920261522e3C5A5CE6076A8e102f0C,3.2692071100839248
0xE689D08cb713C24B9592969eBE3E778E5BF9A5b1,3.1241752536673828
0xbE44Ad77e02917D7150e500cF7F909DDc46A8187,3.0750924131727982
0xEe00b052698Edaaa571bA32899f5022bd403cCd0,3.0581280867833823
0x00915816EC18012BFAe833b4694434d32b772666,3.0570002515963055
0x52602454de297E00c01a1E80c262Fe24fe5606A2,3.0290798581395831
0x75f12c21e4EDa606591d6AC191539446D9a9491d,3.0231260852338176
0x1f2a94B02d8303614ba629854180125e4b4fE1D8,2.9947166191613107
0xf5e205e7AC4431c69c7B5DA014Cc923Df5E22864,2.9910599439106482
0x999C2f4b81DfbE1C01DD9Ffe6c134F6e3B8acf66,2.9840288550105027
0x61bF397D9e69c18bE9C19ed766F8747B14d6eDcA,2.982150713590366
0x4a347Ad522F3fD208872A5ca236279593d834D87,2.9762780132454978
0x213FA42eec66cB7f418a20899797eEe5eCf6aFF4,2.9713842141936174
0x83DC1A8Ed4a8281DBbB504536bF13a52c0dC4499,2.969287831472395
0xe86381cBCDdaB783B7da955823a2eb0bC354d204,2.9692181668852786
0xe8459D4471B9aBFf09DB0289EE1Ac3270E3E260C,2.9661878322197397
0xDb1fe0De38CA520d7412eB122402E8709899E874,2.9639052681781469
0x1e965C2D7bafdB513feD7f8acF3D4807862Fc896,2.9636641395245622
0x4C1e753a292E2f5f26554610596745f75Faf12bb,2.9628391588798744
0xF83eAEE3A5b470D193592A3501eE748A221d5722,2.9601412827853031
0xfde531E7a82A122f09294Db2fDa7188dBfcA3B98,2.9599264344925238
0x8b7547125dBaB6300534504234788deF518c7f30,2.9583873402544892
0x7e5808Eb511Bdf1619a5FE6EDD2ee5Ad6c692245,2.9564119100700965
0x31Fd1b5629a407B2cBdea02834CCa4B5A1709F10,2.9491043665404451
0x7268c0c6Fb3ECD9880197d3Fdb768B4E128C56AE,2.9440430465163009
0x93bFF4724Fccf10D63a27dFaf898A71D4bb21e43,2.9437743080903402
0x42f539B32560EdeE4a439d99b96766D64Bc46536,2.9419943577771448
0x1352fB0b62976D56a4F881bA2764d772C7F8f0E9,2.9398675926524479
0x499ae1D7688aD108961a0828aadCAf3c122BD481,2.9352285428295888
0xc29C546064E8fB5506C5e5Beaf1594866Df7177e,2.9270452440395462
0xF58E3439731E06e89251f1641A2F02b4A58bC4D1,2.9259669462432452
0x1e530DFe44eC54bD12CFa11A117C5297e1E853A8,2.9245939532794213
0x2a4455d320667f6a69FE539f2971C57fd3020E0b,2.9238213473447083
0x96a8BCa768a8d5D455360F992cfF54DEfFA19E1C,2.9077671635284873
0x507017fEe40038E5AF7d2edFF340fDbd7980ec1f,2.9055351056286315
0x84dcCfB3F3e044229fa00e216E2829725579D97f,2.8859274184053778
0x28E8d3Af87Fd9E3aE8F5e370b9E83F207545dDa4,2.8111603721231235
0xd50709c8D117c5D0F0174d460E60c2655B371935,2.7723887048827665
0xA01742244e0C85c370Db641587EA18f838A111a4,2.7027437326515158
0x36D74b81006732a0B24218a562B6B6c774C91113,2.6789054769671088
0x0476c89923C7a02370cbD415E4229Ae7529640Fe,2.6711920588646982
0xA6528Eb6737F42180aCBb8cB5DD44f66D0c17141,2.6691346110255607
0x950c2243b3135E2BdD2362C05540e7f45dEa0E91,2.6596419071314358
0xb04e837dCFF2b4c13a5406fB4596a864a903c93D,2.6480608513948205
0xd93fDF64B7E388489a1D4a63DB8eCFf58b9F4818,2.6420537632569094
0x87bE167738771064f136B3cA6a70bd5d977F6E5b,2.6148467209530304
0x78BFcE14F2cdB9e42B8Dab55e55BEb1F26Af2be5,2.6024339845673403
0x1D8b3a3f03e2773B49bf2C68274F54dA14811CA7,2.5968622987235159
0x1d5716658085aeDf45D23CFeE7c7DEf226bD791e,2.5723348437084928
0xa74018b76bcdb6BEFDF06Da18572C391a26c5BAb,2.5628908
0xe5557fb2e22a0aB88226b7EDaA4A8cF7E1c0D229,2.4957149242090605
0x6184b6e9BB42877A4d4E0570330CFa5a5dAd5515,2.4952253138983382
0x58F8b97A4eBb481731765e917DDeAb1Ac3FB200a,2.4868414582096808
0x26b2278CB756c28d9D6e362B6dD5E8d17844fD07,2.4799132364296759
0x854e8e81AB7228D3CE0bc08FDD259c1885C90862,2.4747244461986371
0x662a6fC5428Def40E5B256b750Fe4E0eBF3ED024,2.4733804296263886
0x9BCD3E3e3Ff5949ab5A187643d92c7F937111a1e,2.471528539069713
0x2ABF33485eDf704511dFA42DFB8AFa71a0450A8E,2.4714766901019822
0x691e53FC410945CC5f48265eb7919397F5490284,2.4636199488441525
0x8701F42c74Ee648D4fac29348F2F54c8c8890B9a,2.4617699531997143
0xFeB620b14A9C3683CEcB9097802AF9c32e51C701,2.4437544665441207
0x3d51CbfEaea061278D2b20b5dA046869F29A20da,2.3812493128596523
0xa0549D400396450014A0Ed46999b4e059f36dc85,2.3671164184240914
0xe29ECB2c82aAE7Af58CcE6bD18143ab092a8b623,2.3543573917474473
0xe09B0219c0185cFE1Eb25EE1feF82ce1b929ad2f,2.3487937999942563
0x67F9C35fc131Be02a6CDDb7f742A2Aad2F67f2E0,2.2739891609928445
0xA79f543Eb42C484fd6EF6d1e9ed533cdb893372a,2.2617583774947616
0xF06F32A64aE8922B143164FfBfaB9f5B7a00968b,2.2565450264232819
0xeB6A484c484cFdb2148c019cF0ade9C93F90Fb69,2.2292881587051736
0xcaC5F8154cB4ab832C88f812C38739b5AAF90d3E,2.2290967901547921
0x03ebCFE000c671BDdaff3DdB9BB1883CA26173E7,2.2231949628529294
0x0AbCfcEbc6969C1aDE5b5E4Ad15e9FFb2f493DbC,2.2120884484879576
0xF6925a1BCA84F61EF6456c55516b42cDb3cd2554,2.181926866561207
0x27435ff8E83e95B0d340A3af9F8dbE234E8EBCeC,2.1774034956058551
0x408b3E15e045a12dFE4Ac7aDd7023707fe0e75F5,2.1583162718420807
0x74f85Fe5538DbfCF3B46399E121c3bA83F695f91,2.1453775867665463
0x31CC94A2deA315d3aD48ad74d4106A5bB39c5850,2.1382164762202167
0x9e985Aa14233D42Fe16418365CE850eE46C6D771,2.0760156540088478
0x0dfD582E591453bB9e4C22A7a746cE6221aaADe9,2.0743180701249511
0x92Db7E8d9B281c9470749a83eeB51DE21Ff6DDe6,2.0585264346406677
0xB71961c454442a214adEd17a6b8A1Ee73C79FFd5,2.0566665964293227
0xd04ee4160B5F007D2101D956c6ceee06771d7461,2.0441175351081706
0xf31250BFf3b490733ca1812309568cB02c16da60,2.0291202081837993
0x481A2E2775602567522214A01e1Dea9585351181,2.0287115315737147
0x0C706E89E383cA020cD5B1d1Ffc4Cd17a810A2d5,2.0233429247819512
0x9009B77953DcfC8D7A41B995Ac8c5fD5d5ee2eeB,2.0140577977121144
0x85516Fa2F77e4aC2F4F6F0A9454e6aCD91c4d718,2.0054109788559311
0xA92A40457E419c5EC245A646da09112cDcC6cfb6,2.0052531157143398
0xb7aD24ef67E01c5a353477Abf81E867cAb48A132,2.0016879501275207
0xb5dcFfFAa5E69769c9f500edD1eC07462E4e13C0,1.9984509165334972
0x04b7c10B10Eeb486A9038dB3712f16EB54d9eb76,1.997844032944846
0x3567D193573879058d12eDb4A3ed10C0dDd99dc6,1.9974692001921298
0xc785B1a357C0EA4db5a79DD9BF244f4561fd524C,1.9869704809084204
0x3b2534b8EA1f9a8BF9D9915B91bae673d161F2A5,1.9826504008287234
0x38A58076035EB565C8D0f4b53e60191B1ed97079,1.9816687985601164
0x858f4A9Bb91cB4968E4c887F9de571fBeBEaa69A,1.9796094635073416
0x606280817dAe361E0124B5C17f20B60EE458E822,1.9789137660915848
0xC32b7438b3dF7844c9eE799930a2224Fe6E26426,1.9787043437011109
0x015F2E9c1Da633C9A41Bce61B67f185035B87f38,1.9769641152675424
0x3462c416Fd8d159fcB5f56DbA90E232C68311d0B,1.9757364545658214
0xffD6f9E0caE59E8Ad4ECf629542276BC3ffdbF31,1.9753007525523122
0x70C08Cde1e3B7359c925Be894A39Ce3f21A6e95F,1.9752131951240876
0x6E08762BeE2b54198836eBDe660dE7C2A6B2646c,1.9752118868879241
0x1487790E4a80A292b0729f4280974A6Fb79B8bD5,1.9745402192921312
0xdaeeFee09b141e68d1f86CdA0ef530dA4Db12c58,1.9742025082978179
0xE5582387b48bdB7F8bdFb5BdB43807A19A0ed7aF,1.9732814110133869
0x89fc9D8E9D65C032DaB113fED67Caed5406219D5,1.9729057210229367
0x5acFcB0F644B1432296F064d5814353D3d66DE1e,1.9723643267236512
0x1C370CDe8c7f8C1f348a087721eA082FBC2Cf7AD,1.9721296062304316
0xAf9ff2b12756d7AdeA6C381f5bF27453C2699240,1.9720286082942926
0xD013Ef6F350469Db37b471DcA5Ef924a2DaFcB08,1.9716406128980635
0x163b9d527F1EA6C4357E6182D2735a5f100e666A,1.9715386817814797
0x65b6BB10867d7039F2A60Bc4b5418BE19a64a354,1.9702424600464609
0x0c669BAdD543d998599b5328e8BDA517E9F20170,1.9643498767642906
0xB14CF9B14db20b0B6A964d0ee7f60894e1F186DD,1.9626953643442006
0xB85737D0D9C81E4cfAa6453374D08bea87e1c705,1.9618596435084083
0x3CfcE7526EB891C43C3b804414B8285A586346ca,1.961581257673603
0x0016ae05fBf3FF54691cF3B0a0D6c2d4d028cAed,1.961581257673603
0xA36F219A890E9CF0c5FE97ACdf9822B1D8DdD1fD,1.961556618382822
0x5cF25606315b277eF7f8E9Df721d67b1607E7A08,1.9599393548877857
0xd8Bc4A5362ADD0c2714C0A366C96c7Da6Df3EB9A,1.9567325241589248
0x61932648303180BCc417CFf9C36B36c9a19815a7,1.9557719898452992
0x80cf685b70ABc8Cc8ECBc6c12ae63004eB011bD1,1.9554297422107786
0xBd2f6dCa39f05125A0Cb0936DBcfAC484a7E39fA,1.9549510183225514
0x931B68BD47Ca98C1aF6e0D640527c313a0Fc20E4,1.9542770203583493
0x4b20A08469B79C3ED97eD342d0b0b99f15F99AB1,1.9540285032181884
0x635409829d26Eb839bef1329f1978A94beFd892f,1.9525177426648579
0x563E719F26A5925Ac25D1aB3453BAc7c8a9afE4c,1.9522821431894218
0xB565e7351a5b3126CE4f7cab8292192F4F7C16Ed,1.950882559870686
0x86d7B469a0b0c96Eb34d3Fa9076304f5EcC2c82F,1.9496061394545759
0x66e6c48016B9cF3170BecF24EB5d6Ef9E51E8EE5,1.9451446978876568
0x523CbD246FDA7E6C0518FB983b548a16908DeB30,1.9449315386607603
0xe6BD9fca9E593739d87eCdD8089b59116Fe2256d,1.9398080645781133
0x790989822E8297706261647a02d87bd2519Cc742,1.9243005747090382
0xe894A57130db39a5f0Cadae97170B10055424504,1.9159995746027085
0x0F0CB7Ce44f381D9F0333cAC85B53D5C30990690,1.8932125778109131
0xEd47B1458316c2fe373060EA2976B1Bea708eB03,1.8917703572913895
0x6Fb966a32bE4C0d10A0329BDB1F01Dd89Ad264c2,1.8761326006946611
0x358913B531e1cf4E937F524d4C09B4100b137cde,1.807358421738699
0x78275c64D68FFc5678f947146580E871FAB01D7B,1.8047278041429058
0x4f7519937d540e48887d3F80ca464EbC292B6B1F,1.7920740166597684
0x0672B87C2BDA92fDd4F0ea1aadAC25C487d75Fd9,1.7858536376965425
0xfCcae85df9FFD3E42Ec8938dED7ea9435B3bB472,1.7822464638413455
0x96bE275eA2714B72b06E621E48C4bcB967478d59,1.7814645783083017
0x4619Fd7306c66003a0c9261f7084526A7F9e7a99,1.779589376304608
0x733F9A8ca1EE9D40f029EA26Ebc3C359024eDC10,1.7432527648442549
0xDf3BcDa51c9655680b1A75dcfE6C5B14C64dc9dF,1.7059890204039475
0xDD294a91141bcDd383bF769A24ac4Ff3BD2b4712,1.6967464749011411
0x331D8e0e8468E1C2c1E7f06F1189E44943E47673,1.6851767053735783
0x77c2fecDFc89bEea12138d82Eef8E12dffC7703F,1.6624427941419875
0x5F5036969B0fdB1a6b11f7B18B4603E1124AF78C,1.5811475295317922
0x14eDaBfaDb2751A8b62CaA69bcBbD270b38d754c,1.5667493469778169
0xeA8E170235D2c41c831C7EfA007EE28E875e968a,1.5608748682264152
0xC80aF88370FAC66683C97b9c1B5A0d1F0a25eC3c,1.5290767846469843
0x4122A043FFc7a0331230c8ffA09984F2e39171fa,1.523887058383679
0x1369213b413a0a7E48878464Da4d4226c4550E2C,1.5125854771506013
0xbD5BE16C12007DCc5c637e0Da4F39c87DEfD1CcE,1.506503321109741
0xCE48BB7958253A5e8efa14B6775315ADAe09376b,1.4842695186397762
0xb6619D1EA0A46193aCea59e46F7D83a096cFa2cB,1.4817179137991681
0xF2C120B91FE8a95F3857c5064875aEfA1970E3C2,1.4810690018960567
0x3B7137Ef234e0A6Bce37b19d3E1c4bB4584E0866,1.4806620053957069
0x002d1Ab3089DdEcb1e331008d95972188D061cbb,1.4799610582600402
0x2B079Ea1B03c2bAD4fAD64477ef77b7ba91f2cBd,1.4790972541094108
0x45a8C2A139484306d31bd7a1756CeFC0497Ea0a9,1.4790695283924908
0x7b00e7B305873Cad6BF333152a646AD141E642f6,1.4766759493729609
0xdf7640b03e905Ff8d244b73d380F62aeb17077A6,1.4753461707241981
0xdf332D0f825fb01f8C0084d086619dc5026f5eEd,1.4700283862712085
0xe5AFbbD1D753F3fC4Cf83C28Fe4Ee24EC358ee95,1.4700283862712085
0x528f09F71D4e9F992b5c721cDA99bDdfB0fE1323,1.469933796326224
0xB731f617521C912382407ce8cbb1C098B7830FC4,1.4661490641652916
0x742E265019E8C03451F0cCA8C218Eba1b3E2ce94,1.4660783046951271
0x4dE89C2Ae04a31CC2dbA3E2DA11a38DDc43682b9,1.4658587941900805
0x8FAb414992c5f8b9cE12610fC54883E4D1820be8,1.4647933055330449
0x566d6444931537bDD9958dF319061E2ecEC223E4,1.4644571501565857
0xe8976fF7Dc32a1690f5dA328059158983DeA38B0,1.462555258013113
0xbDEed508C21A5a0c75198ec31639aAf42BC4fe68,1.4619106736723542
0x041f8ccdE0950d26D55c8a49D630FBB0831eF33e,1.4546379474524426
0x510F1F9DBaf5d08E454D75b0D96Ea9DC8e3B32D7,1.4288995703296084
0x7a8B351Cc3D808ae1C0973E51cB26F44dE3f99F5,1.4075774962921673
0x6962aFA15c4ff84e838F7a4B74E8DE5eb0132C80,1.4075652019920413
0x7236b763968F925Ff02F77fb6c7Dc0c001d06f34,1.3989839713050457
0x734C30744f7204D06eA09C9b3fc94553f755e8d7,1.386797297895057
0x047FBc812d1b07FFd544134B51D5cCb02C32938b,1.3808179107473866
0xEc89112BaF25aaEeb35157072C25a5E66e71db6C,1.3729307002960009
0x29FaE83b5609B5ADE057c698461F0a8420a2A565,1.3651287128202981
0x6CD01362ad97C772467A7BD91E8F415F7B80ecdD,1.3608435206353362
0xAD65ec82FF3416F9AdF8582f42218Ad775ac5219,1.332074145934492
0xC6eb732B66bCdc45b500C387E250376ad0f27035,1.3192729147710724
0x4A2517721A21D8605B7404B01a0a33806777FafC,1.317128690974749
0x72E10036f84C5A2527834A0299d9DD68386Dd974,1.3148052031596805
0x07d80AE6f36A5E08Dca74cE884A24D39dB9934ed,1.311462818280495
0xe0f2cb39f2b3bD96EDBc24A96AF5Eed3a027a8c6,1.2838877264771506
0x7EFD89A21183bCf3bEB792a1Ffca5375f0A67613,1.2822722270774167
0x2494f718c73c5aD16126eEaB52FA734f72F3E0D6,1.2739764751214295
0xBCCdd17faC9041a3F270AeC322484a4166E52b9b,1.2675899700412191
0xE4F79eF4106D3ce68Bd117477acc7a841c91EC15,1.2639579860834502
0x4c9D3432b261e979d39F00bd7241bA520D843749,1.25482166600993
0x380Af09c5C9E92CAe758f835C05159bc8e6DBffe,1.2520822458868199
0xf5586B7dC14aaA5c4dfD1CFE3dc6fb4521C5e567,1.239956618214838
0x9E03d00286dA7578f211C5eaF8784666Ac6D9dfb,1.2370786751328907
0x3605c9fE039f3bDACBC2003a33b2586f7bFb6700,1.1984153466313153
0x05b1A549D7A6fEcFa46cc8551AB5449332c71975,1.1873531045814819
0x75bD61eaD0de6ef36fD4C8cCBF4a662DcD3E3351,1.1862946594336273
0xE476DEC76e2cc238633d1e361b5A7155F46099a3,1.1852816654016374
0xE9be356E3A8B746ae417a423e213058bCd45B983,1.1840565131141213
0xdBBDBc091c103fB78960b442197671Cc84efEEb1,1.1759470370609792
0xa18aF6843286143afcc833ce9a310cBf8b3c2d2F,1.1724839097681171
0x2d49715D125C00320E4e05457Da707779622ab0f,1.1717948486229303
0x86daE9818868180427098eEff2056065119b232E,1.1700038402569525
0x80A891c677A3221b41Ee7A123A1bBf773830F0F6,1.1664431903566353
0xa771C44f7580b8064DEd3f060d8da72D6F38c556,1.1661852737136025
0xd3594dBE7585d98a04CC06Bbd251331EF606Bd48,1.1595283046889236
0xA60B076D531d450eE9aF82cBd9BBAD355718Aa62,1.1584434905178583
0x3445E9407ca6993b59099752990688B064012590,1.1234920946002318
0xBd009b063Fa7Ce71740d7784E1C3A8EcFdF8bcde,1.1197172141184045
0xe8189209C826092B8Aa9c28e1928684a1a831D41,1.10626621416769
0x0b8fAc7f8CAe33CAbb523ec14260a2a8cbD8c179,1.1040624829270706
0xb694FD96DE0eEceA60eaD62B1a9d785c92d9042c,1.1006945168151751
0x73fE40F8b8C7f8c0081b0bfd7c7C4F45fc10B8Ce,1.0955962204844435
0x74E56f2b0B587301B9eF0e406fBE135323305393,1.0918082337399486
0x0F0124676Bc5Aa6fAc27a437B75ed8c93f902880,1.0891776357192704
0x6DBcc1D58F924340E4fa0e726bC74E4Be1c0Ea8E,1.0891513142213963
0xDBC7d3B327C526adb5F7c3AE309c29566367c77f,1.0880471450427466
0x1760558938bF4f3A3d02CE96942CEb10e331F219,1.0879722858416522
0xE8eEc6Fa49c2083686689c80446d2c20E0a744aF,1.087013376788266
0xC7809E89482774AE66B01C006fEe95e82f1b8A79,1.0863672573182482
0xafD71fdd1A526d2E6e3D28f41ed1Ccd1D8716617,1.0856740527857495
0xCb708Ceef52De2EB2E196153f685225d2B9a47a1,1.0853851370212778
0x8bc278D34f89394caFd1b7722D9cBCc43cb91245,1.084449750092956
0x80981E56E4b23E5C29918A5cab64fA32251BD390,1.0790650192039845
0xAdA84a40BE0AFf2a72beFFFe730AdD8233cb7CA1,1.0788396061238157
0x42aFE93A50c9fBA4BF55DE264DA7BFaCdbd2ec70,1.074893433968723
0x4fF3f4a439Cd4165e8BdB041775Be93C72737f89,1.074707486348361
0x0a8e13515147CE59B9C814cB43B43def2B3D8b0f,1.0741817573908996
0x8c36dD3d4036597F051BeC96c8548AEe6Eb2D0ab,1.0732606736271249
0x4CF89b38D83eb6070CCde04EAebAfC7E8c458aD7,1.0725073080058955
0x612fe12CF9463371224F72B3D5c69A30a6aa4Fb1,1.0705171771041063
0xaF46123e9ab90ca8E01B1e9CC50057CF9477f003,1.0704339714115826
0x4936df83CbfeB8B9Cd31684F9d898775CaC19B1E,1.0697307022027107
0x21446BD4EC1c7C892c85e9De1081746E8940ad54,1.0661812932937787
0xEE8D84A131ca39101Bd47bf147A319C3d2BA96d7,1.0612984995936826
0x8329EB57D26da4F34e47eBC4ED0e076ce1eBBFAd,1.0604930256604163
0x88750236F7F91009424a03ab70B61ee11D87b133,1.0501467069372535
0xFEeb64A9bB1c5beb57D6e17726c3c8FaAeCE5C2A,1.0495345357209097
0x7f77f72c53F943a673B6754ff2867E5C745F82ad,1.038237191979424
0x7980172fbF21cD536dc6D64faEd32a617ae4de1a,1.0381086799774942
0xe421c47D062B25eeeA1763b9165539C80e80e153,1.0358262089544087
0xed93f5a16A41693c9629a074F7a808F4422b333A,1.0347219966842147
0xCb576cFb9027F611f9bfD0A3AF01c91A7bfb466f,1.0342346586873271
0x78A5bd2Cb628bAeAf01D5f38019202d77715dF07,1.0310921573256884
0x51778c7EcbD237BB2eB1A4b9BE359E1CDC57A15D,1.0291552731053666
0x585F30FD87678eEA48e2441A3E541a0b96687B34,1.0275082362535149
0xDB7530609B3901fd9b787ffdcfa5efF5644B2F81,1.026389619550348
0xDBf3659363F56524Af6dac6A7DaF92f44917bD42,1.0247041475609658
0x21F8007Efe6361d19886A44eB2b9aaf355B3736e,1.0208323284388386
0xF3292c19e6Bf4e83fEfA387C595c1E150A2358d4,1.0185048679360505
0xc8F796158BBebF7CF27237c622b9FF1e5b9cc735,1.0160185679933318
0xc675628d1BDb07B916f9ffC8C5434A8B18DaBC73,1.0156211956475828
0xB1a3a99a3977b11f1310dfd3cC50Dc2E49C81066,1.0154289850269028
0x711318f8710B83A14c7A731770159928dc6487A8,1.0146056472396955
0x8c09AD1cFC0255138a9fF4f70aB5eEa539cE82d1,1.0126620982650357
0x173D244d4ca59531aCf7428F56c0227bFa03E86c,1.01067664
0x023826f4D1d5d6FBfE9Fc4b333170d6fCf48d29B,1.0104726822690631
0x02BeF2B9A387ED0f46643f8711Afa2EeBa603ea0,1.0104726822690631
0xB2370999d51F3A9951670274E47618C980820840,1.0104272463045575
0x0056323F02Bb16dE8025a79aB09e1Dd5C8114602,1.0095998423709632
0x014b38a729b6DE3aC262965892255Dd197B07895,1.0094567703724792
0xa0020Ca19F5bca73D7F728AD64AF54bFfB8B70ac,1.0083624895616088
0x000EF9F0C9d91E452f1A2B2E0e6c03516d5EB09b,1.0083237083585132
0x12252e98B042f53c6c617f5582aA5e79AFD7c86B,1.0079290029150901
0xA5681dEcb81aFeE7913F37D82CF9a2e51B08CfFA,1.0070920993221105
0x142a431342E04E4528044e5AFF905397F72f973A,1.0068263490147397
0xd17B2bAa700982eefDf0f347a7400ff4639b58b3,1.006751452868721
0xaD22D50a0520d7AbA7BBeA6e4e9F2747e0c4033b,1.0067446394268123
0x00777f6f80c30c9DdE6ec8547eac99756837C3E3,1.0062492080078508
0xc384ba251b5afBA38C1d6E85fdaef3bE61084e88,1.005135401461365
0x7D1Da78A135c6C71E040f8eBC5b861aAD6DFD79b,1.0047887773978341
0xCA079a575Dc2e1BA7aCF2984c586Df162719eF9D,1.0046119093734959
0xfA5EB4d524150aBA5BbBD5345A35e440b7aFEB8f,1.0043184221799101
0xD3fA63b0498f7d08041e392e46925E8c399Be23C,1.0016368882754185
0xA5C09CDdA143E5fEF1FfFD4CA741Cd58CF43C97c,1.0008832647507157
0xc3AA160776e76990cF6287D5Ff087Fd5aD13344E,1.0003953315848502
0xF5b3F262Bd5BA71693365aaD5Ba5c8a53878f82F,1.0002548506030765
0x60839dacaE2aFFE97b5F9F6FB06b0cD0dBC73698,0.9984556184736438
0xD6Dd69FeC58469429260270408177e0f425ae811,0.9979779636174892
0x305268BF77f071A02beB0AeE87Cc31064c0dA8a4,0.9978764263734516
0x252f29F275Ccd311d10A80734988DEC15ac83F64,0.997770059091408
0xFeE266842327AE3C5B7a9344583C3b4F1E97620d,0.997000985242018
0x5dBb5D3A974c556266C8469a345400a80A671153,0.9969798726066264
0xda3b3283fC90b329015D1faD9634De2d016D8F2c,0.9969752769241303
0x1A16B98e98D9f096e5AEAfa24B9c8CAD5b963BAd,0.9967839800492547
0x68AFBB0a753f716fa54d69B14437F6227208C42b,0.9964446533848003
0xCa61E23Fbaa683b5950472E28318755cdb82687f,0.9956744140859805
0xAD76fEe2488B5D4a269Dc2A649A7611393580C63,0.9955266983694907
0x69853fE5b7067C779d27d80B4560F15D708Fd878,0.9955266983694907
0x2c25f0FC088075b87c73e67d1BC91Efd6281f3C4,0.9955266983694907
0x23F70B58C0A7633972776a8FbF435B15D89fc117,0.9955186127714734
0xf0D8d607f548CE4ca24EcA5c15b3675c3C9Fb243,0.9952712224561887
0xD2a9f4982f9707B1d9B7063eA2C29D126dB78a8F,0.994404643405755
0x9d92c103B880d0252223359C5cEE365eF14567aF,0.9936245065203374
0xED53A64d8944fcB717db5a0F29e8cCa26059a179,0.9929983006565976
0x701BB46961132698CEada3ac868aCce3a53C035d,0.9926226658332712
0x4b299cc67814456D56B1EE67F213af086B265312,0.9920388838970396
0xE4F7E3B4242D669C0169980D5C87d618ca16dE83,0.9919652945718704
0xed18E5b59966846c1A8bEd9b722ee70A67C1Fcb2,0.9919652945718704
0xD1bd938D5d25ad815a7E869B4D55e20aB8697925,0.9918484388021881
0x3EE35B46221459df96e8dc8Cdd5470326073DA1A,0.9918151818213411
0x031f584479760Bf6A0e6E3246CCEADB6E4D66Bc0,0.9917160912265071
0x5c3D2155F06aC720A24Dadc28808705f37e2506C,0.9911844955950612
0x12a33655C56A04Bcc370e417ad70ac1FE802c223,0.9911169848842876
0x80b3f1664A669666125B084BA77e425189A371DF,0.9906594924206501
0x17E0224BCFBb554b34c027A15c6d7308209a786a,0.9906594924206501
0xA39440FAAB05F264A2b0180c15e04A685473144e,0.9903845402544593
0xD57Ac8366eA0a6Ae4B5a6E25CdfE03590BAa24A6,0.9901388231724166
0x33929cbaFbD7F2df4B7f38b5dd318D2C788dc564,0.9900440369848178
0x143181A5aEDb175664d3f954e7286dA9ac5DCcEF,0.9900440369848178
0x7575B93f725B7a440c957D215281EF298895C418,0.9898521264708474
0x3faE0C12fb06C616c34D896f4d5525265426dF49,0.9897594522563408
0xA4B2D9E832a80B1125f9C3fc4a4F240ae8fA5804,0.9897388973107353
0x506808B6b7eDBF6A1cC30e636a812539E3F731D0,0.9895130124265175
0x581dE43B0273915f61D015E394D2C6aF1F9ce8E6,0.9894365955847465
0x760CAD374ad725507DA3E13E10E08F2BD1c0B2CE,0.9891570799201919
0x061b59673b1c6C56826DEDE22F736e10Be62c4F3,0.9891337682206787
0xe2BC19C6526ce073586f53962BB55E9440e7BC68,0.9888632108414081
0xa13c2DEF62c36697407fBe7d574e946bf60d7350,0.9887532511150368
0xC3fA4F16ca336c8FBAA3713EBbFA137fac3A68A6,0.9886749333118992
0xDDE3D5c4581F1e81F990559393fDe55dDaa2dc75,0.9885683744539114
0x8F7B556594bB9736BC73c981c2b05350C6a20FE7,0.9884820576337712
0x56E647830730Ab48824A8E812Ec91d21E34BBb0A,0.9879752151397551
0xf63a777b7E4d38CF7E75bd7513A52e14C62cEB55,0.9879172200537467
0x95910EfbF5faC0B7715121656c5b62a819540C3a,0.9878882638500856
0x87b078a26E27b1185F66C9b0F524ECF4df25842E,0.9878882638500856
0x5c57C0bBC003F35FC0ee9e248006546F2131401B,0.9878882025166969
0x99e4a2B8A65211F549Bc6C7CADD97c3650C8F0bb,0.9878765852889875
0xB1451ab1Bc225Fd061F79F355736DFee3B9eA9Dd,0.9878682272829107
0xF838BBeD2a697E11A37399FE4C237aFC5842bF1a,0.9878438379886516
0x938834b832E9D8bd4b88c6E8F20625aB50eE71ca,0.9877347211680311
0x08B6054D809887b021669688c7585A10d834138C,0.9877233506132954
0xf5044e9D8c9047eFe4106b2c0AFCc0F37ef02246,0.9876065975620438
0x6b64FAC0FDEfaC6f41642bF965260cA460f3a5B0,0.9876065975620438
0x5987aB2f2bb2A5B6D81564144BcA30a25Cfa213A,0.9875144557081487
0xB1af75459b6E3886F906b92A20003E25937e114d,0.9874820658859168
0xD5157866F7bB8f490E13Aba960f689178635EAD2,0.98746490152065
0x4FcDA1bd88776882Ee372EBAE8e6d05919E7FDD3,0.9874382108919269
0x6707a3d879dcd52DC885cc4562388d96d92d6852,0.9873932990202259
0xA709F05606A95d75Af8d8A3e36dEDc0Ae74f598B,0.9873724932088245
0x91Ac4a69b50db2e322500121a4F6AE98559Edcc9,0.9873507050823074
0x0e6D8bb05446A8FdE7C8Bae5720A22188825Fef1,0.9873124683542649
0x7E3e082678d51FE8E976C215576B4F86Fc0d4E29,0.9872583729713906
0x523B5b2Cc58A818667C22c862930B141f85d49DD,0.9871479341528588
0x2a6f207771C766FEb60D837C5488Db209De2FCe2,0.9871169589935123
0xCBa4A403B2816Ab2129F0C0a29340cD8b185C1bb,0.9871169589935123
0x9618E7a1A5d5AE7fBF587d55E0C596B143a8c781,0.9871152425315812
0x1a6a03B245af2c8e0351738A2b84121395D1Fc54,0.9871012541489089
0xfC3be1965123fbD0160723b1D863C1Facab09d9d,0.9869496853952571
0x683a0240611F4A3e91A12632543acF8B7E45d97A,0.986929302833693
0x80327002b6c35657B8367290B22c2DC69A399b84,0.9868261754689273
0xc1A24fedb26DC93dd8e8665c9c37CAA443e9E564,0.9867376952369051
0x6A2e1d409A6772f7fA9E64756a89B69925B7Fd56,0.9867043587207018
0xa482f4477c1b02bb2c0B48530faD9361645050F6,0.9866507501753842
0x9cCdd4Db0D74DeC8A37B3D6E039729B1F67317ef,0.9866421448308413
0x0DEB845dE6Dd1399Cd704aC10E07e8bAA8b80472,0.9866421448308413
0x0705237697f4A334908EFBc6b2c080a2E8Dde330,0.9865011513851512
0xF3A5405c76528fd9ce25E3a452874429F8CD8435,0.9865011513851511
0xDf016fa0fce703b1394cFE5Eca1fd2370C875e06,0.9864528605114684
0x653D6E6623c7EC25196c5917080d59D1979D4D7A,0.9864528605114684
0x4faDd86fCADB8dCa5e8963983c2A6E0C6f61a18F,0.9864528605114684
0x22518d74f5Ff866548fb04EBeFF16303754f22D6,0.9864528605114684
0x1063774E1d5628aEC11EEB014401acee17119482,0.9864464524528563
0xb63d614082bacef8e129563b552B76888d30B375,0.9864282058446355
0xbbD8d2de22FB5A8aD427fDBF15e29eEE395d809A,0.9863836367250214
0x5aec3d8d78b59c99Dbb5950015825aa633BCBD23,0.9863836367250214
0xFdA1a97cF3187cF56BEE2A70Ea83aADacB987ed6,0.9862012252052663
0xd141cF1ef78294A210c3E68ea638c988Ba9D6238,0.9861847688810754
0xb0B519931Df0127b06086Efd27fe1E556c90b4Bb,0.9861799913568833
0xa2b4c41451943E4Aa8d668eb4643e587acE61209,0.9861291134181631
0x640d9d4C65d896FA28fb6815493f2a60b58E6043,0.986112253961337
0xC2A082A827718d4b05418C719Ba2A717F8c0c51F,0.9860648031152158
0xe5F8116C9013E89Dce387e616e39179A958FFA5A,0.986017012295293
0x10B2a07156a5Cf9AB7f77195fe2BFc4bA5b8E3E6,0.985835703972859
0x04DD4bA44f94cD46C578DdD831A54bdA213086cB,0.9857906713023167
0xA0A17F5D92F4B250D463Cf5a16549Fe6371f6db6,0.985447979537661
0x088774317C7fABcD6180901CB42796911953B856,0.9851236876134756
0x9a89aA7b67ebAbA68141fb92eD5253cC3F197F1C,0.9844039832545213
0xfBcE1f9A93B65168A702D839Bd4a17195738b545,0.9837983908937932
0x7D470a92cc1bcCBdC208F1de5BCd2416Fe5c4333,0.9837897575089238
0x320fa555E333033f4A33B4876d43A4f3A1F8518F,0.9837897575089238
0xffEC2AE789fD88ecBa2C7bE30cF875A7ACBFB474,0.9823889912510994
0xD72E2193C9Bd72A6a3E8eF556Eba99B835954267,0.9813476821721003
0x32F7dd0a51e9B0E979EADA2D00d5A1cb59A48B4b,0.9813476821721003
0x553119eB0FEb8068D6205a2007a65a24B307C315,0.9809973265092791
0xc7489e2191E6F6460240531dF38923fB935BddfD,0.9808285395898938
0xDA6C71DD822838217F304CC8F612E06b32735c25,0.9808085944988211
0x09c1edF0606cfFE4E0dD1766BBa81e92C5CEDc50,0.9806647859257149
0x5f08493da70b7979Db00194Ea616d23FAf26165F,0.9806647859257149
0xE4d2dAae703151EDaE867a51605BE78CEFF7DCAf,0.9806647859257149
0xcD5bA504BE10E9334393Ce779AA40bc4C1c3F3A4,0.9806647859257149
0x087aE8D807165f2143640dBC3B84F9a73eD5ae05,0.9806647859257149
0xE5057f7826262083038D9f60d07Cb6799e3828DF,0.9806647859257149
0xd3A3c9D1a1529046d4C0e28220Ec392d25d4AC42,0.9802588506939753
0xE9D66F10D04B3c8c0E7D192163c3296C29DE0545,0.9800007799002441
0x0142977AaF9001201d260F349aDB3bD211d54483,0.9799558642174826
0xd635df60ed523252dc9c687ec61391A83cbbb879,0.9796294392523328
0x6ACBD59AF95D2A156f6F1774E0FC0DF798B9Aaf6,0.977907525965875
0x1EdDCdca2440520cc4d20567fc33890e9E2c935f,0.977907525965875
0x3250136917B2453962356956C7a569f2BA8e5E00,0.977907525965875
0xD20b45358C93Bba11aa9Ffa462022E2A05971F35,0.977907525965875
0xAeB756bF83D7389A1AF61D5Cd6Cf0023c881D7bC,0.9778251725972415
0x93644530D5678C04B0F9f1AF6bAc3d0BA7bFc828,0.9777148711053893
0xb6C38c20cd317ff428B3923a184Ce7e11Ea678ec,0.9777148711053893
0xe133504d278FdD7f02010Ae94223c587D0FBabA1,0.9777148711053893
0xccf2255B22c01EdB3f109366E052F3051155c4d0,0.9774907819503499
0xfE1e78553feA3Af96c4318Caa2B0d5fBf81fB3d7,0.9774907819503499
0xFE7751A7380FDf481DBbB187453f77B331859c4E,0.9774907819503499
0x9F045ef98802a2829dDe32f3b53e4Ac186ce7ffA,0.9774312476535553
0x3D7412FE832979f17c461316C44912Af95210DC3,0.9774312476535553
0x487b4705D624B1EcbDc490fA0d645b7421E7c8A4,0.9774312476535553
0xb3bF6D6b33c65A50281ab025C3D7639AeEa664c4,0.9772391961267203
0x5ef285B9287886f43E74Cf7f206033e02028f359,0.9772391961267203
0x74D99d3c146E5F412F955462C8cbefC623DCD12c,0.9772391961267203
0x3944901142C9969FFd7939e42F4752d53C34CAfA,0.9772391961267203
0x0E180Ed10edED6eADA449e27E6d913cb38053132,0.9772355850671649
0xDB9520099a08ABC48C71CD2A0A8bdB45533C45ca,0.9771058175304097
0xBbDe84B493FD8123768a6C060287101fe516b9Cf,0.9770142516090942
0xAEd3E530D79A830146d2D63e1c936a3E684540e2,0.9769585564989737
0xdc9Db03220A1DFeD84fD777FD5a791CD10Bb2F63,0.9769585564989737
0x4f936bbdFB726E1774A426Fd07f5C9916f968ee0,0.9769533961939435
0x8F13750A15fEcce9d9448f201138006BC4Cc6314,0.9769044749577937
0x0A7f96a0ECfc0a26C0936100069d298F245588E5,0.9768506784510763
0x17117e0b56730139Bd4a8B4E468DC595fa251Ae5,0.9768506784510763
0x09e44ae707C8999dD7Cc886679a528cdD7dDBb0F,0.9761882053558811
0xbD42C8F24E4D455665fCFcAdf14Fc693475c0a4D,0.9761882053558811
0x12AE18Cd905F603Ef66030cc5FB009ddD5a8EdEB,0.975411846246464
0xB39Ef5a33Dd77CE2AD83C672147aDaf167947132,0.9751995984875085
0xcD3922B50d670f08603495Ce5D17da97f67e47F3,0.9751503075712136
0x751c239e3988a3A19fB786dC4D31f5E064B2a756,0.9751106936293784
0x670fB49f45F4a82cdB803ae714f1d7f4f3a7BF48,0.9750500439752648
0x8Ca458591cb99ED942bC9B9A230B39A01BC76159,0.9750500439752648
0xCBB26f8cd76e8140cEF92148dF8C6339582e690F,0.9748290053530077
0x81BA688bDbB4A1A3f360Dc8099740FC5EF4b443E,0.9734819248049229
0x58C06e076529205b4A15AE69Ef663Fdf6969b2D7,0.9734819248049229
0xdAA1A612027901692BEDCc570A063f02350CC576,0.9734301658510775
0xD3B2e6F378c194FFFe8B2ffd4f5A67f36E79A2c0,0.9725958941031497
0x502D02bc284E4c770227aBc6B2161EEc63Da226e,0.9723471025417689
0xc376ec7Ac572D8358497fE276b604CfB35dc59f7,0.9720384244269584
0x8AC2710874AbcA4Ea973643ebaF30ff968e1306b,0.9720384244269584
0x2818273b45fe7887a36d82De9934c347b19140F0,0.9720173996051512
0xDb7ffB5EF7D6A059f914884fC7c33f7Eeb194b5c,0.9718541075966277
0x2aE6Ecb043b1657392FaFEA30c2642535EB4BCd0,0.9714923172049965
0x9C3d907EB3f403df38522500c27d236e34897664,0.9701195318517481
0xE0F22e89b304a2FDE45300477f1b7B2725728d2F,0.9699040322890566
0xF5CF4633fF86a6cC46c268be166E8c370eccbe66,0.9698569258308772
0xc0e9ec12f342b279676F8f0Cb4268B2F147F1cfB,0.9684863490560326
0xF82b36CF16cBd2462511668e7dE7fF980Ad943e3,0.9574904427906253
0x95b4c8b246F04A9a297C6e83D16AB0a1c07EF8e8,0.9574338276682302
0x532960c8f8113CD1DC1a76f357370689CCA228D8,0.935556689007707
0x8da4Bf2F8f0cD17849cc563EBa0Aa8Fd6C14A3Ac,0.8522297330357592
0x5b3513dA99C0572A510334c4256B99aC3A8eb72e,0.8482602271367254
0x1a544aD05a895CE2EF04A03C285d31FEE2445448,0.8167808301887207
0x4dB46E4d95A36e65A89113a936ed5Ba2c03A8B67,0.8147510705283748
0x21fEa3f51a91B9C58bcB0897aa00621627E80096,0.8063608347805893
0xB291212EA5761907252f3B24C51E272f3B70B6FC,0.7740822794156359
0xD1F9bceDC75D97ba8BaF91B939AF8f0347325686,0.771609512149771
0xE272D2CAf62cf84F1f867ee1C8aE477E817D97E9,0.7683567997636744
0xE8b384917Ed2650f06406E7c7f87dD9dF0080fd7,0.7083286496059992
0x6A94ce468F6913C35b0B4863AdD3Ede8d1E06517,0.7046542113847002
0x0168459886Bd2Aa322c18ED0b209887095aFcACb,0.7040784651850684
0xb178709daf067C22BE19943713e1aDC2FD3d906B,0.7024644263742439
0xb0B98E0b385F0EeB06B17109c75578E33B5Df8cB,0.6669006958815151
0xC4053C76DC251c22ec6d676835AC0B1C63ff11D9,0.6506896532354707
0xEA2F79BCE55908A11E0BF7dFfb855C962041674f,0.6493604570997842
0xE8353E0ED5Bf1BEF35aC1Be6604c72942947a951,0.6448602362031912
0x99945929EA30AB796d72cF112Ec2c7e5910Cd302,0.5973162111883786
0xeCc040387CfC071a314e3dEfcB38E9521950eb21,0.5940995047932397
0x44D4F9A9e7c9B792d790EC8a63e1Bb6Ca4e90D74,0.5931290799951693
0xdece174655EB73dee9f957D47B563977E8E1536d,0.5816056251696194
0xA87f4f89A0E5121589Cf523E8407065A23153251,0.5532194457167585
0x6Ae0C91eac75beCeF02F5B36BCa6C381f79a7540,0.5140441094937742
0x256E2248ABB150e5Cf0860235E153d0b21b02b25,0.5037800393792648
0x027DB3d8e842366B4DcfC6f8aa9e3bFd6a0F1369,0.5029688144159745
0x93603Af169445D3B57F77fc5Bb4580422bdBe14E,0.5024000056830766
0x146290fe7Ff998B27e79A5aA1c3040Fec6b8d4d3,0.500912646519257
0x2E21074f7B6e332F3FddB17Af1F50aEcF5E584f6,0.5005150346557328
0x1c263A0a8e769AB8B56b6e3d83be63B70FC8e5D7,0.5003347301753951
0x8669Df34a345c4E67B6BaddEfdc41876F9f02e05,0.5
0xCa40f6779b0f86ad9Cd9f11ffd44bCC4a25d8137,0.4968257666875834
0xC020b5955b7ffEb9aCeC61599592f50EbFCFDaa7,0.4960747249772986
0x9bE05E2E16428a4d17E06365eaE83737c73c9E27,0.495136477330127
0xBCFAe486660f2E633eD2Db503a36CEa561df8bD9,0.4939586100268734
0x4d5156D7B58A65d1C93A10EC8224e879D296393B,0.4795277221659944
0x2d2f683F30113F7E9357b5345cA650864028aC95,0.4481365580409789
0xa2509e8Fa0964B4398dc8dFCa48B8185Be54f5f6,0.4464672524795687
0xF99be3A6b33Ab534388595C9d244bd1c4e336Cf9,0.4293054050674421
0x6b671cfa2619790c861Fd3b4B3cb3aE5A78ee3fC,0.4224636054188436
0xE255b82DE33763956500AF754FB4D26411131FDE,0.4168120593048976
0x484CF83d33551f2Abad064006a97aaD734eE9b85,0.4154316735835112
0xF08A969B766a2442182E69fD562a2c760C308405,0.4131586337685597
0x607fd7A3D00E752c2bc9DD6ae28B3B86C4ed6FCb,0.4033692028882193
0x7388f06056248850973087aCa274c1571af1FCC7,0.3981247410433514
0x97cD21A8Ef4d578beDA60B73fb968dcA4346d227,0.3979196931445056
0x5e39E3f6f04E60851A23673c8A0C79E46F48Af1f,0.3965122446338603
0x50e20d00f4d6d0203a3a4c50EAc893FA8c1097bB,0.3328500955915392
0xED935C3863d1ab73Dd96dB7103E76e03508ea3fF,0.3004661461911142
0x1b19B80cD18aB4cce86cfFB8CC870C07C91bF84D,0.2988257229283616
0x7C0e341fF983177d44b81A322402b1306066d7E9,0.2988217659268596
0xBaa6b8Ec010c6F54306f79451a0A8609Fa722bcB,0.2589918309255581
0xF06022C428026612E1E397BE75052f409A37B99a,0.2568903794966618
0x03D6aA184Ab64E13Be80f65544b67191aF09F443,0.2476330058512647
0x2FFc156E8E96Ee50cd896913d356E8F847722ef6,0.2470263628420823
0x39BDD2e13588056aAc838e2D61C783A1F75D99Fa,0.2469793050134367
0xE6e056D638b0b0E0901f0Ec115F95A317D9bD815,0.2458970759683204
0xBDf844F440cE00Cccbe5e2Dd61Dc4dBDbB67006F,0.2149158379668668
0x3B02692AB73431e2E263421B1B6ECf89cDB6714c,0.20683037
0x4919c36f52865d018499e79F6bb216107B57168A,0.202933497049568
0x01043868e5079cE26ba2694638B2282Ccae7BA53,0.2017522338877656
0x1B10414EE67d208D42D870114d32805d01cC3F3d,0.2014820898916952
0x43Cf6485D8c7Db01627a21198AC6D57201D7f510,0.2001369178936229
0x7dFbED064F291a8404b66195fEf34f29e1BCCDc7,0.1800777804367908
0xDeE8eE6753AbcC5d76bAEdc11A38B7Ed34A0fF08,0.1798749935503713
0x67C2E545BbEE2d6F80Ebe9429c3Bf7d30EE1b0C7,0.1728070346239125
0x0ca356d09ea99E9d526425516331165316Dca433,0.1646820812773192
0x78540a9884A244757A7e5BdAC0501b546c378E4b,0.16141682
0x1b103e68df0497A0346be86c5D340FbB2678801D,0.1539834791627077
0x0ccE7A8e58b68413ec5535aAfF9Ea44f8eaa8489,0.1514904583145374
0xC109b495224940E6Cc020e81E76c18aDC937C644,0.1489640141225598
0x80d01A5135f68bE8feFa7d60f1469Fb2BE3630C8,0.1296616367061133
0xFd3d24d5Ea655E30d72791b0cD99f28c45Cf3437,0.1263920556971318
0xCa19953530C9792c2dBCBD774FEc3DD2cb64E247,0.1139619865403351
0x4fA8a46AFe81F91f140aa490dDD858336B77Cb08,0.1101960364849141
0x10a2c688923f32b5f8ce70f7570080C724A59400,0.100514910582981